<?xml version="1.0" encoding="UTF-8"?>
<manifest
	identifier="cctd0001"
	xmlns="http://www.imsglobal.org/xsd/imscc/imscp_v1p1"
	xmlns:lomimscc="http://ltsc.ieee.org/xsd/imscc/LOM"
	xmlns:lom="http://ltsc.ieee.org/xsd/LOM"
	xmlns:voc="http://ltsc.ieee.org/xsd/LOM/vocab"
	xmlns:xsi="http://www.w3.org/2001/XMLSchema-instance"
	xsi:schemaLocation="
		http://www.imsglobal.org/xsd/imscc/imscp_v1p1 http://www.imsglobal.org/profile/cc/ccv1p0/imscp_v1p2_localised.xsd 
		http://ltsc.ieee.org/xsd/LOM http://www.imsglobal.org/profile/cc/ccv1p0/domainProfile_1/lomLoose_localised.xsd 
		http://ltsc.ieee.org/xsd/imscc/LOM http://www.imsglobal.org/profile/cc/ccv1p0/domainProfile_2/lomLoose_localised.xsd">
	<metadata>
		<schema>IMS Common Cartridge</schema>
		<schemaversion>1.0.0</schemaversion>
		<lomimscc:lom>
			<lomimscc:general>
				<lomimscc:title>
					<lomimscc:string language="en-US">BasicLTI Trivial Test Catridge</lomimscc:string>
				</lomimscc:title>
				<lomimscc:description>
					<lomimscc:string language="en-US">Basic LTI + HTML</lomimscc:string>
				</lomimscc:description>
				<lomimscc:keyword>
					<lomimscc:string language="en-US">Sample</lomimscc:string>
				</lomimscc:keyword>
			</lomimscc:general>
		</lomimscc:lom>
	</metadata>
	<organizations>
		<organization identifier="O_1" structure="rooted-hierarchy">
			<item identifier="I_1">
				<title>Psychology, Research, and You</title>
				<item identifier="I_00001" identifierref="I_00001_R">
					<title>Learning Objectives</title>
				</item>
				<item identifier="I_00002">
					<title>Study Guide</title>
					<item identifier="I_00003" identifierref="I_00003_R">
						<title>Pretest</title>
					</item>
				</item>
				<item identifier="I_00005" identifierref="I_00005_R">
					<title>Wikipedia - Psychology</title>
				</item>
				<item identifier="I_00006" identifierref="I_00006_R">
					<title>Psychology of Faces</title>
				</item>
			        <item identifier="I_00011_R" identifierref="I_00011_R">
				        <title>Launch To Simple Test Tool</title>
			        </item>
			</item>
		</organization>
	</organizations>
	<resources>
		<resource href="I_00001_R/Learning_Objectives.html" identifier="I_00001_R" type="webcontent">
			<file href="I_00001_R/Learning_Objectives.html"/>
		</resource>
		<resource identifier="I_00003_R" type="imsqti_xmlv1p2/imscc_xmlv1p0/assessment">
			<file href="I_00003_R/assessment.xml"/>
		</resource>
		<resource identifier="I_00005_R" type="imswl_xmlv1p0">
			<file href="I_00005_R/weblink1.xml"/>
		</resource>
		<resource identifier="I_00006_R" type="imsdt_xmlv1p0">
			<file href="I_00006_R/discussion.xml"/>
		</resource>
		<resource identifier="I_00011_R" type="imsbasiclti_xmlv1p0">
     			<file href="BasicLTI/php-simple.xml" />
		</resource>
	</resources>
</manifest>
