<?xml version="1.0" encoding="UTF-8"?>
<basic_lti_link
     xmlns="http://www.imsglobal.org/xsd/imsbasiclti_v1p0"
     xmlns:xsi="http://www.w3.org/2001/XMLSchema-instance">
  <title>Simple Test</title>
  <custom>
    <parameter key="isbn">9780596800697</parameter>
  </custom>
  <launch_url>http://www.dr-chuck.com/ims/php-simple/tool.php</launch_url>
  <vendor>
    <code>www.dr-chuck.com</code>
    <name>Dr. Chuck</name>
    <description>
      A simple validity checker. Takes key=12345 secret=secret.
    </description>
    <contact>
      <email>cseverance@imsglobal.org</email>
    </contact>
    <url>http://www.dr-chuck.com/</url>
  </vendor>
</basic_lti_link>
